Alphabet,Eponym,Eponym_easy,Eponym_easy_yr,Topic,Disease,Eponym_strip,Who,Who_B,RegionOfEponym_A1,Where,Operation,Author_1,Year,Year_str,CityOfEponym_A1,Lat_A1,Long_A1,Continent_A1,CountryOfEponym_A1,CountryOfEponym_easy,ISO_country_A1
A,Aaron sign,Aaron sign,1913 - Aaron sign,General Surgery,"Appendicitis,Abdominal Pain",Aaron,Charles Dettie Aaron,**Charles Dettie Aaron**,Michigan,"**Detroit, Michigan, USA** (Harper Hospital)",Appendicectomy,Charles Dettie Aaron,1913,**1913**,Detroit,42.35211,-83.0571,North America,USA,USA,USA
A,Allison lung retractor,Allison lung retractor,1955 - Allison lung retractor,"Oesophagogastric,Cardiothoracics",,Allison,Philip Rowland Allison,**Philip Rowland Allison**,Oxford,"**Oxford, England, UK**","Oesophagectomy,Esophagectomy",Philip Rowland Allison,1955,**1955** approximately,Oxford,51.7638,-1.2189,Europe,UK,UK,GBR
A,Allison repair,Allison repair,1951 - Allison repair,Oesophagogastric,"GORD,GERD,Reflux",Allison,Philip Rowland Allison,**Philip Rowland Allison**,Leeds,"**Leeds, England, UK**",Antireflux surgery,Philip Rowland Allison,1951,**1951**,Leeds,53.8024,-1.5547,Europe,UK,UK,GBR
A,Altemeier procedure,Altemeier procedure,1952 - Altemeier procedure,Colorectal,Rectal Prolapse,Altemeier,William A Altemeier,**William A Altemeier**,Ohio,"**Cincinnati, Ohio, USA**",Rectal surgery,William A Altemeier,1952,**1952**,Cincinnati,39.1375,-84.5035,North America,USA,USA,USA
A,Alvarado score,Alvarado score,1986 - Alvarado score,"Emergency Surgery,General Surgery","Appendicitis,Inflammation,Sepsis,Abdominal Pain",Alvarado,Alfredo Alvarado,**Alfredo Alvarado**,Florida,"**Plantation, Broward County, Florida, USA**",Appendicectomy,Alfredo Alvarado,1986,**1986**,Plantation,26.1265,-80.2052,North America,USA,USA,USA
A,Ambrosetti classification,Ambrosetti classification,2002 - Ambrosetti classification,"Colorectal,Emergency Surgery",Diverticulitis,Ambrosetti,Patrick Ambrosetti,**Patrick Ambrosetti**,Geneva,"**Geneva, Switzerland**",Colectomy,Patrick Ambrosetti,2002,**2002**,Geneva,46.19359,6.14891,Europe,Switzerland,Switzerland,CHE
A,Andrew's procedure,Andrew's procedure,1907 - Andrew's procedure,Urology,Hydrocele,Andrews,E Wyllys Andrews,**E Wyllys Andrews**,Illinois,"**Chicago, Illinois, USA**",Hydrocele surgery,E Wyllys Andrews,1907,**1907**,Chicago,41.8963,-87.6193,North America,USA,USA,USA
A,Appleby procedure,Appleby procedure,1953 - Appleby procedure,"Oesophagogastric,HPB","Gastric Cancer,Cancer - All",Appleby,Lyon Henry Appleby,**Lyon Henry Appleby**,Vancouver,"**Vancouver, Canada**","Gastrectomy,",Lyon H Appleby,1953,**1953**,Vancouver,49.280431,-123.127887,North America,Canada,Canada,CAN
B,Babcock forceps,Babcock forceps,1963 - Babcock forceps,General Surgery,,Babcock,William Wayne Babcock,**William Wayne Babcock**,Pennsylvania,"**Philadelphia, Pennsylvania, USA**",Appendicectomy,William Wayne Babcock,1963,**1963**,Philadelphia,40.005278,-75.150833,North America,USA,USA,USA
B,Balthazar's CT severity index,Balthazar's CT severity index,1990 - Balthazar's CT severity index,HPB,Acute Pancreatitis,Balthazar,Emil J Balthazar,**Emil J Balthazar**,New York,"**Manhattan, New York, USA** (New York University Medical Center)",,Emil J Balthazar,1990,**1990**,New York,40.74219,-73.97403,North America,USA,USA,USA
B,Bancroft operation,Bancroft operation,1932 - Bancroft operation,Oesophagogastric,Peptic Ulcer Disease,Bancroft,Frederic Wolcott Bancroft,**Frederic Wolcott Bancroft**,New York,"**Manhattan, New York, USA** (Fifth Avenue Hospital)","Gastrectomy,",Frederic Wolcott Bancroft,1932,**1932**,New York,40.7938,-73.95122,North America,USA,USA,USA
B,Barrett's oesophagus,Barrett's oesophagus,1950 - Barrett's oesophagus,Oesophagogastric,"Cancer - All,Oesophageal Cancer,Dyspepsia,GORD,GERD,Reflux",Barrett's,Norman Rupert Barrett,**Norman Rupert Barrett**,London,"**London, England, UK**","Oesophagectomy,Antireflux surgery,Cardiomyotomy,Esophagectomy,Endoscopy",Norman Rupert Barrett,1950,**1950**,London,51.49883,-0.1188,Europe,UK,UK,GBR
B,Bascom cleft lift procedure,Bascom cleft lift procedure,2002 - Bascom cleft lift procedure,"Colorectal,General Surgery",Pilonidal Disease,Bascom,John U Bascomb,**John U Bascomb**,Oregon,"**Eugene, Oregon, USA**",Pilonidal surgery,John U Bascomb,2002,**2002**,Eugene,44.03652,-123.07504,North America,USA,USA,USA
B,Battle's operation,Battle's operation,1901 - Battle's operation,Hernia,"Hernia,Femoral Hernia",Battle,Willian Henry Battle,**Willian Henry Battle**,London,"**London, England, UK**",Femoral hernia repair - Open,Willian Henry Battle,1901,**1901**,London,51.49891,-0.1188,Europe,UK,UK,GBR
B,Baxter / Parkland formula,Baxter Parkland formula,1968 - Baxter Parkland formula,"Plastics,Trauma","Burns,Trauma",Baxter,Charles R Baxter,**Charles R Baxter** & **Tom Shires**,Texas,"**Dalla, Texas, USA** (Parkland Memorial Hospital)",Burns surgery,Charles R Baxter,1968,**1968**,Dallas,32.810278,-96.838889,North America,USA,USA,USA
B,Beger procedure,Beger procedure,1972 - Beger procedure,HPB,Chronic Pancreatitis,Beger,Hans Günther Beger,**Hans Günther Beger**,Ulm,"**Ulm, Baden-Württemberg, Germany**",Pancreatic surgery,Hans Günther Beger,1972,**1972**,Ulm,48.4221,9.9525,Europe,Germany,Germany,DEU
B,Belsey Mark IV operation,Belsey Mark IV operation,1967 - Belsey Mark IV operation,Oesophagogastric,"GORD,GERD,Reflux",Belsey Mark IV,Ronald Herbert Robert Belsey,**Ronald Herbert Robert Belsey**,Frenchay,"**Frenchay, Bristol, England, UK**",Antireflux surgery,Ronald Herbert Robert Belsey,1967,**1967**,Frenchay,51.4969,-2.527,Europe,UK,UK,GBR
B,Bentall procedure,Bentall procedure,1968 - Bentall procedure,"Cardiothoracics,Vascular","Aortic Root Disease,Marfan's Syndrome",Bentall,Hugh Bentall,**Hugh Bentall**,London,"**London, England, UK**","Aortic surgery,Cardiac valve replacement",Hugh Bentall,1968,**1968**,London,51.5163,-0.2369,Europe,UK,UK,GBR
B,Berry's ligament,Berry's ligament,1901 - Berry's ligament,"Endocrine,ENT",,Berry,James Berry,**James Berry**,London,"**London, England, UK**",Thyroid / Parathyroid surgery,James Berry,1901,**1901**,London,51.553056,-0.165278,Europe,UK,UK,GBR
B,Bianchi procedure,Bianchi procedure,1980 - Bianchi procedure,"Paediatrics,General Surgery,Colorectal",Short Gut Syndrome,Bianchi,Adrian Bianchi,**Adrian Bianchi**,Manchester,"**Manchester, England, UK**",Small bowel resection,Adrian Bianchi,1980,**1980**,Manchester,53.46042,-2.22455,Europe,UK,UK,GBR
B,Bismuth types,Bismuth types,1975 - Bismuth types,HPB,"Cholangiocarcinoma,Cancer - All,",Bismuth,Henri Bismuth,**Henri Bismuth**,Paris,"**Paris, France** (Brousse Hospital)",Liver surgery,Henri Bismuth,1975,**1975**,Paris,48.79536,2.36329,Europe,France,France,FRA
B,Blackledge lymphoma staging system,Blackledge lymphoma staging system,1979 - Blackledge lymphoma staging system,"Oesophagogastric,Colorectal","Lymphoma,Cancer - All,Hodgkin's Lymphoma",Blackledge,George Blackledge,**George Blackledge**,Manchester,"**Manchester, England, UK**","Gastrectomy,Small bowel resection,Colectomy",George Blackledge,1979,**1979**,Manchester,53.429749,-2.230049,Europe,UK,UK,GBR
B,Blatchford score,Blatchford score,2000 - Blatchford score,Oesophagogastric,GI Bleeding,Blatchford,Oliver Blatchford,**Oliver Blatchford**,Glasgow,"**Glasgow, Scotland, UK**",Endoscopy,Oliver Blatchford,2000,**2000**,Glasgow,55.875,-4.2914,Europe,UK,UK,GBR
B,Blumgart staging system,Blumgart staging system,1998 - Blumgart staging system,HPB,"Cholangiocarcinoma,Cancer - All",Blumgart,Leslie Harold Blumgart,**Leslie Harold Blumgart**,New York,"**Manhattan, New York, USA** (Memorial Sloan Kettering Cancer Center)",Liver surgery,Leslie Harold Blumgart,1998,**1998**,New York,40.76417,-73.95628,North America,USA,USA,USA
B,Boey score,Boey score,1982 - Boey score,Oesophagogastric,"Peptic Ulcer Disease,Perforation",Boey,John Boey,**John Boey**,Hong Kong,**Hong Kong**,Duodenal surgery,John Boey,1982,**1982**,Hong Kong,22.27006,114.13115,Asia,China,China,HGK
B,Borrmann type,Borrmann type,1926 - Borrmann type,Oesophagogastric,"Gastric Cancer,Cancer - All",Borrmann,Robert Karl August Borrmann,**Robert Borrmann**,Bremen,"**Bremen, Germany**","Gastrectomy,",Robert Karl August Borrmann,1926,**1926**,Bremen,53.10743,8.85145,Europe,Germany,Germany,DEU
B,Breslow thickness,Breslow thickness,1970 - Breslow thickness,"Plastics,General Surgery",Melanoma,Breslow,Alexander Breslow,**Alexander Breslow**,Washington DC,"**Washington DC, USA**",Wide local excision,Alexander Breslow,1970,**1970**,Washington DC,38.90126,-77.05057,North America,USA,USA,USA
B,Brodmann's area,Brodmann's area,1909 - Brodmann's area,Neurosurgery,"Glioblastoma,Astrocytoma,Brain Tumor",Brodmann,Korbinian Brodmann,**Korbinian Brodmann**,Berlin,"**Berlin, Germany**",Craniotomy,Korbinian Brodmann,1909,**1909**,Berlin,52.518056,13.393333,Europe,Germany,Germany,DEU
B,Brooke ileostomy,Brooke ileostomy,1952 - Brooke ileostomy,Colorectal,Stoma,Brooke,Bryan Nicholas Brooke,**Bryan Nicholas Brooke**,Birmingham,"**Birmingham, England, UK**","Colectomy,Small bowel resection,Stoma",Bryan Nicholas Brooke,1952,**1952**,Birmingham,52.453,-1.9396,Europe,UK,UK,GBR
B,Broselow tape,Broselow tape,1985 - Broselow tape,"Paediatrics,Trauma,Anaesthetics",,Broselow,James Broselow,**James Broselow**,North Carolina,"**North Carolina, USA**",,James Broselow,1985,**1985**,Hickory,35.71388,-81.26692,North America,USA,USA,USA
B,Buerger disease,Buerger disease,1908 - Buerger disease,Vascular,,Buerger,Leo Buerger,**Leo Buerger**,New York,"**Manhattan, New York, USA**",,Leo Buerger,1908,**1908**,New York,40.790066,-73.953249,North America,USA,USA,USA
B,Burkitt's lymphoma,Burkitt's lymphoma,1958 - Burkitt's lymphoma,General Surgery,"Cancer - All,Lymphoma",Burkitt,Denis Parsons Burkitt,**Denis Parsons Burkitt**,Kampala,"**Kampala, Uganda**",,Denis Parsons Burkitt,1958,**1958**,Kampala,0.338056,32.577222,Africa,Uganda,Uganda,UGA
C,"Cajal, interstitial cells of",Interstitial cells of Cajal,1911 - Interstitial cells of Cajal,Oesophagogastric,"Cancer - All,GIST,Gastrointestinal Stromal Tumour",Cajal,Santiago Ramón y Cajal,**Santiago Ramón y Cajal**,Madrid,"**Madrid, Spain**",Gastrectomy,Santiago Ramón y Cajal,1911,**1911**,Madrid,40.448333,-3.680278,Europe,Spain,Spain,ESP
C,Cameron lesions,Cameron lesions,1986 - Cameron lesions,Oesophagogastric,"GI Bleeding,Anaemia",Cameron,Alan J Cameron,**Alan J Cameron**,Minnesota,"**Rochester, Minnesota, USA**",Endoscopy,Alan J Cameron,1986,**1986**,Rochester,44.02243,-92.466751,North America,USA,USA,USA
C,Carnett's sign,Carnett's sign,1926 - Carnett's sign,"General Surgery,Emergency Surgery",,Carnett,John B Carnett,**John B Carnett**,Pennsylvania,"**Philadelphia, Pennsylvania, USA**",,John B Carnett,1926,**1926**,Philadelphia,39.947454,-75.192356,North America,USA,USA,USA
C,Carney-Stratakis syndrome,Carney-Stratakis syndrome,2002 - Carney-Stratakis syndrome,Oesophagogastric,"Cancer - All,GIST,Gastrointestinal Stromal Tumour",Carney-Stratakis ,J Aidan Carney & Constantine A Stratakis,**J Aidan Carney** & **Constantine A Stratakis**,Minnesota,"**Rochester, Minnesota, USA**","Gastrectomy,",J Aidan Carney,2002,**2002**,Rochester,44.02261,-92.4668,North America,USA,USA,USA
C,Caroli disease,Caroli disease,1958 - Caroli disease,HPB,Jaundice,Caroli,Jacques Caroli,**Jacques Caroli**,Paris,"**Paris, France**",Liver surgery,Jacques Caroli,1958,**1958**,Paris,48.848,2.3823,Europe,France,France,FRA
C,Cattell-Braasch maneuver,Cattell-Braasch maneuver,1960 - Cattell-Braasch maneuver,"General Surgery,Emergency Surgery,HPB,Transplant",Trauma,Cattell-Braasch,Richard B Cattell and John W Braasch,**Richard B Cattell** and **John W Braasch**,Massachusetts,"**Burlington, Massachusetts, USA**","Pancreatic surgery,Duodenal surgery,Adrenalectomy,Abdominal aortic aneurysm repair",Richard B Cattell,1960,**1960**,Burlington,42.48493,-71.20531,North America,USA,USA,USA
C,Chagas disease,Chagas disease,1909 - Chagas disease,Oesophagogastric,Dysphagia,Chagas,Carlos RJ Chagas,**Carlos RJ Chagas**,Rio,"**Rio de Janeiro, Brazil**","Cardiomyotomy,Endoscopy",Carlos RJ Chagas,1909,**1909**,Rio,-22.875,-43.24509,South America,Brazil,Brazil,BRA
C,Chance fracture,Chance fracture,1948 - Chance fracture,"Orthopaedics,Trauma","Fracture,Spinal Disease,",Chance,George Quentin Chance,**George Quentin Chance**,Derby,"**Derby, England, UK** - at Derbyshire Royal Infirmary which closed in 2009.",,George Quentin Chance,1948,**1948**,Derby,52.915,-1.471,Europe,UK,UK,GBR
C,Charlson comorbidity index,Charlson comorbidity index,1987 - Charlson comorbidity index,Academic,,Charlson,Mary E Charlson,**Mary E Charlson**,New York,"**Manhattan, New York, USA** (Clinical Epidemiology Unit, Dept of Medicine, Cornell University Medical College)",,Mary E Charlson,1986,**1986**,New York,40.76497,-73.95482,North America,USA,USA,USA
C,Child-Pugh score,Child-Pugh score,1973 - Child-Pugh score,"HPB,General Surgery",,Child-Pugh,Charles Gardner Child (1964) & RNH Pugh (1973),**Charles Gardner Child** (1964) & **RNH Pugh** (1973),London,"**London, England, UK**",Liver surgery,Charles Gardner Child,1973,**1973**,London,51.46763,-0.09396,Europe,UK,UK,GBR
C,Choi response criteria,Choi response criteria,2007 - Choi response criteria,Oesophagogastric,"Cancer - All,GIST,Gastrointestinal Stromal Tumour",Choi,Haesun Choi,**Haesun Choi**,Texas,"**Houston, Texas, USA**",Gastrectomy,Haesun Choi,2007,**2007**,Houston,29.70698,-95.39743,North America,USA,USA,USA
C,Clark level,Clark level,1969 - Clark level,Plastics,"Cancer - All,Melanoma",Clark,Wallace H Clark Jr,**Wallace H Clark Jr**,Massachusetts,"**Boston, Massachusetts, USA**",Skin cancer surgery,Wallace H Clark Jr,1969,**1969**,Boston,42.36277,-71.06741,North America,USA,USA,USA
C,Clavien-Dindo classification,Clavien-Dindo classification,2004 - Clavien-Dindo classification,"General Surgery,Emergency Surgery,Academic",Complications,Clavien-Dindo,"Daniel Dindo, Nicolas Demartines and Piere-Alain Clavien","**Daniel Dindo**,**Nicolas Demartines** and **Piere-Alain Clavien**",Zürich,"**Zürich, Switzerland**",,Piere-Alain Clavien,2004,**2004**,Zürich,47.37699,8.55063,Europe,Switzerland,Switzerland,CHE
C,Cloward operation,Cloward operation,1958 - Cloward operation,"Neurosurgery,Orthopaedics","Spinal Disease,",Cloward,Ralph B Cloward,**Ralph B Cloward**,Hawaii,"**Honolulu, Hawaii, USA**",Cervical spine surgery ,Ralph B Cloward,1958,**1958**,Honolulu,21.309167,-157.860278,North America,USA,USA,USA
C,Cochrane collaboration,Cochrane collaboration,1993 - Cochrane collaboration,Academic,,Cochrane,Archie Cochrane,**Archie Cochrane**,Cardiff,"**Cardiff, Wales**",,Archie Cochrane,1993,**1993**,Cardiff,51.44803,-3.19899,Europe,UK,UK,GBR
C,Collis gastroplasty,Collis gastroplasty,1957 - Collis gastroplasty,Oesophagogastric,,Collis,John Leigh Collis,**John Leigh Collis**,Birmingham,"**Birmingham, England, UK**",Antireflux surgery,John Leigh Collis,1957,**1957**,Birmingham,52.4529,-1.9395,Europe,UK,UK,GBR
C,Conn's syndrome,Conn's syndrome,1955 - Conn's syndrome,Endocrine,Hyperaldosteronism,Conn,Jerome W Conn,**Jerome W Conn**,Michigan,"**Ann Arbor, Michigan, USA**",Adrenalectomy,Jerome W Conn,1955,**1955**,Ann Arbor,42.28377,-83.73344,North America,USA,USA,USA
C,Correa's cascade,Correa's cascade,1975 - Correa's cascade,Oesophagogastric,"Cancer - All,Gastric Cancer,",Correa,Pelayo Correa,**Pelayo Correa**,Louisiana,"**New Orleans, Louisiana, USA**","Gastrectomy,",Pelayo Correa,1975,**1975**,New Orleans,29.95585,-90.07895,North America,USA,USA,USA
C,Couinaud segments,Couinaud segments,1954 - Couinaud segments,HPB,"HCC,Hepatocellular Carcinoma",Couinaud,Claude Couinaud,**Claude Couinaud**,Paris,"**Paris, France**",Liver surgery,Claude Couinaud,1954,**1954**,Paris,48.86968,2.27827,Europe,France,France,FRA
C,Cowden's disease,Cowden's disease,1963 - Cowden's disease,"Breast,Endocrine,Colorectal,Gynaecology,Plastics,",,Cowden,Kenneth M Lloyd II & Macey Dennis,**Kenneth M Lloyd II** & **Macey Dennis** ,Ohio,"**Youngstown, Ohio, USA**","Breast surgery,Colectomy,Thyroid / Parathyroid surgery",Kenneth M Lloyd II,1963,**1963**,Youngstown,41.11386,-80.6572,North America,USA,USA,USA
C,Cox maze procedure,Cox maze procedure,1991 - Cox maze procedure,Cardiothoracics,Atrial Fibrillation,Cox,James Cox,**James Cox**,Missouri,"**St. Louis, Missouri, USA**",Cardiac surgery,James Cox,1991,**1991**,St. Louis,38.6359,-90.2643,North America,USA,USA,USA
C,Crigler-Najjar syndrome,Crigler-Najjar syndrome,1952 - Crigler-Najjar syndrome,"HPB,Transplant","Liver Dysfunction,Cirrhosis",Crigler-Najjar,John Fielding Crigler Jr & Victor Assad Najjar,**John Fielding Crigler Jr** & **Victor Assad Najjar**,Massachusetts,"**Boston, Massachusetts, USA**",Liver transplantation,John Fielding Crigler Jr,1952,**1952**,Boston,42.33727,-71.106,North America,USA,USA,USA
C,Crohn's disease,Crohn's disease,1932 - Crohn's disease,"Colorectal,General Surgery,Emergency Surgery","Inflammation,Inflammatory Bowel Disease,IBD,Crohn's Disease,Abdominal Pain,",Crohn's,Burrill Bernard Crohn,**Burrill Bernard Crohn**,New York,"**Manhattan, New York, USA**","Appendicectomy,Colectomy,Anal surgery,Small bowel resection",Burrill Bernard Crohn,1932,**1932**,New York,40.79001,-73.953251,North America,USA,USA,USA
C,Cullen's sign,Cullen's sign,1918 - Cullen's sign,"HPB,General Surgery,Emergency Surgery,Obstetrics","Ectopic Pregnancy,Acute Pancreatitis,Abdominal Pain,",Cullen,Thomas S Cullen,**Thomas S Cullen**,Maryland,"**Baltimore, Maryland, USA**",,Thomas S Cullen,1918,**1918**,Baltimore,39.296251,-76.591805,North America,USA,USA,USA
C,Cushing's ulcer,Cushing's ulcer,1932 - Cushing's ulcer,"Neurosurgery,Oesophagogastric,Emergency Surgery,Trauma","Peptic Ulcer Disease,Raised Intra-Cranial Pressure (ICP),Abdominal Pain,",Cushing,Harvey Williams Cushing,**Harvey Williams Cushing**,Massachusetts,"**Boston, Massachusetts, USA**",Endoscopy,Harvey Williams Cushing,1932,**1932**,Boston,42.3356,-71.1042,North America,USA,USA,USA
D,Da Silva repair,Da Silva repair,1979 - Da Silva repair,"General Surgery,Hernia",Hernia,Da Silva,Alcino Lázaro da Silva,**Alcino Lázaro da Silva**,Belo Horizonte,"**Belo Horizonte, Brazil**","Ventral hernia repair,Incisional hernia repair",Alcino Lázaro da Silva,1979,**1979**,Belo Horizonte,-19.87063,-43.96746,South America,Brazil,Brazil,BRA
D,David procedure,David procedure,1992 - David procedure,Cardiothoracics,"Aneurysm,",David,Tirone E David,**Tirone E David**,Toronto,"**Toronto, Canada**",Aortic surgery,Tirone E David,1992,**1992**,Toronto,43.65875,-79.38848,North America,Canada,Canada,CAN
D,De Quervain's thyroiditis,De Quervain's thyroiditis,1902 - De Quervain's thyroiditis,"Endocrine,ENT","Inflammation,Thyroiditis",De Quervain,Fritz de Quervain,**Fritz de Quervain**,Bern,"**Bern, Switzerland**",Thyroid / Parathyroid surgery,Fritz de Quervain,1902,**1902**,Bern,46.9505,7.4381,Europe,Switzerland,Switzerland,CHE
D,Deaver retractor,Deaver retractor,1925 approx. - Deaver retractor,"Emergency Surgery,General Surgery",,Deaver,John Blair Deaver,**John Blair Deaver**,Pennsylvania,"**Philadelphia, Pennsylvania, USA**",,John Blair Deaver,1925,**1925**,Philadelphia,39.988,-75.262,North America,USA,USA,USA
D,DeBakey forceps,DeBakey forceps,1960 approx. - DeBakey forceps,"General Surgery,Cardiothoracics",,DeBakey,Michael Ellis DeBakey,**Michael Ellis DeBakey**,Texas,"**Houston, Texas, USA**","Thyroid / Parathyroid surgery,",Michael Ellis DeBakey,1960,**1960**,Houston,29.7105,-95.3965,North America,USA,USA,USA
D,Delorme's procedure,Delorme's procedure,1900 - Delorme's procedure,Colorectal,Rectal Prolapse,Delorme,Edmond Delorme,**Edmond Delorme**,Paris,"**Paris, France**",Rectal surgery,Edmond Delorme,1900,**1900**,Paris,48.8395,2.34355,Europe,France,France,FRA
D,DeMeester score,DeMeester score,1974 - DeMeester score,Oesophagogastric,"GORD,GERD,Reflux,Dyspepsia",DeMeester,Tom R Demeester,**Tom R Demeester**,Hawaii,"**Honolulu, Hawaii, USA**",Antireflux surgery,Tom R Demeester,1974,**1974**,Honolulu,21.3598,-157.8901,North America,USA,USA,USA
D,Dent sleeve,Dent sleeve,1976 - Dent sleeve,Oesophagogastric,Achalasia,Dent,John Dent,**John Dent**,Melbourne,"**Melbourne, Victoria, Australia** - formerly Prince Henry's Hospital (demolished 1994)","Antireflux surgery,Achalasia surgery",John Dent,1976,**1976**,Melbourne,-37.82553,144.97057,Oceania,Australia,Australia,AUS
D,Desarda repair,Desarda repair,2001 - Desarda repair,Hernia,"Hernia,Inguinal Hernia,",Desarda,Mohan P Desarda,**Mohan P Desarda**,Pune,"**Pune, India**",Inguinal hernia repair - Open,Mohan P Desarda,2001,**2001**,Pune,18.51076,73.84213,Asia,India,India,IND
D,Devine operation,Devine operation,1925 - Devine operation,Oesophagogastric,Peptic Ulcer Disease,Devine,Hugh Berchmans Devine,**Hugh Berchmans Devine**,Victoria,"**Melbourne, Victoria, Australia** - St Vincent's Hospital","Gastrectomy,",Hugh Berchmans Devine,1925,**1925**,Melbourne,-37.807,144.975,Oceania,Australia,Australia,AUS
D,Dor fundoplication,Dor fundoplication,1962 - Dor fundoplication,Oesophagogastric,"GORD,GERD,Reflux,Dyspepsia",Dor,Jacques Dor,**Jacques Dor**,Marseille,"**Marseille, France**","Antireflux surgery,Fundoplication,",Jacques Dor,1962,**1962**,Marseille,43.288915,5.400475,Europe,France,France,FRA
D,Dormia basket,Dormia basket,1982 - Dormia basket,"Urology,HPB","Urolithiasis,Gallstone Disease",Dormia,Enrico Dormia,**Enrico Dormia**,Lecco,"**Lecco, Italy**",,Enrico Dormia,1982,**1982**,Lecco,45.8532,9.3901,Europe,Italy,Italy,ITA
D,Doyen retractor,Doyen retractor,1908 - Doyen retractor,Oesophagogastric,,Doyen,Eugène-Louis Doyen,**Eugène-Louis Doyen**,Paris,"**Paris, France**","Gastrectomy,Duodenal surgery",Eugène-Louis Doyen,1908,**1908** approximately,Paris,48.87432,2.28496,Europe,France,France,FRA
A,"Drummond, Marginal artery of",Marginal artery of Drummond,1914 - Marginal artery of Drummond,"Colorectal,Radiology","GI Bleeding,Ischaemic Colitis",Drummond,Hamilton Drummond,**Hamilton Drummond**,Newcastle upon Tyne,"**Newcastle upon Tyne, England, UK**",Colectomy,Hamilton Drummond,1914,**1914**,Newcastle upon Tyne,54.97881,-1.61946,Europe,UK,UK,GBR
D,Dunhill procedure,Dunhill procedure,1919 - Dunhill procedure,Endocrine,Thyrotoxicosis,Dunhill,Thomas Peel Dunhill,**Thomas Peel Dunhill**,Melbourne,"**Melbourne, Victoria, Australia** - St Vincent's Hospital","Thyroid / Parathyroid surgery,Thyroidectomy",Thomas Peel Dunhill,1919,**1919**,Melbourne,-37.80731,144.97461,Oceania,Australia,Australia,AUS
D,Duval procedure,Duval procedure,1954 - Duval procedure,HPB,"Chronic Pancreatitis,Inflammation",Duval,Merlin K DuVal,**Merlin K DuVal**,New York,"**The Bronx, New York, USA**",Pancreatic surgery,Merlin K DuVal,1954,**1954**,New York,40.8448,-73.8648,North America,USA,USA,USA
D,Duvoux criteria,Duvoux criteria,2012 - Duvoux criteria,"HPB,Transplant","HCC,Hepatocellular Carcinoma",Duvoux,Christophe Duvoux,**Christophe Duvoux**,Créteil,"**Créteil, France**","Liver surgery,Liver transplantation",Christophe Duvoux,2012,**2012**,Paris,48.79733,2.45321,Europe,France,France,FRA
E,Eckardt score,Eckardt score,1992 - Eckardt score,Oesophagogastric,Achalasia,Eckardt,Volker F Eckardt,**Volker F Eckardt**,Mainz,"**Mainz, Germany**",Achalasia surgery,Volker F Eckardt,1992,**1992**,Mainz,49.99349,8.24435,Europe,Germany,Germany,DEU
E,Edmondson-Steiner grade,Edmondson-Steiner grade,1954 - Edmondson-Steiner grade,"HPB,Transplant","HCC,Hepatocellular Carcinoma",Edmondson-Steiner,Hugh A Edmondon & Paul E Steiner,**Hugh A Edmondon** & **Paul E Steiner**,California,"**Los Angeles, California, USA**","Liver surgery,Liver transplantation",Hugh A Edmondson,1954,**1954**,Los Angeles,34.06018,-118.20476,North America,USA,USA,USA
E,Ehlers-Danlos syndrome,Ehlers-Danlos syndrome,1936 - Ehlers-Danlos syndrome,"Hernia,General Surgery,Orthopaedics,Plastics","Connective Tissue Disorders,Rectal Prolapse",Ehlers-Danlos,Frederick Parkes Weber,**Frederick Parkes Weber**,London,"**London, England, UK**","Ventral hernia repair,Incisional hernia repair,Joint replacement",Frederick Parkes Weber,1936,**1936**,London,51.6168,-0.4447,Europe,UK,UK,GBR
E,Epstein-Barr Virus,Epstein-Barr Virus,1964 - Epstein-Barr Virus,"General Surgery,Oesophagogastric,ENT",Infection,Epstein-Barr,Michael A Epstein,**Michael A Epstein** & **Yvonne M Barr**,London,"**London, England, UK**",,Michael A Epstein,1964,**1964**,London,51.5207,-0.1476,Europe,UK,UK,GBR
E,Ewing sarcoma,Ewing sarcoma,1921 - Ewing sarcoma,Orthopaedics,"Sarcoma,Cancer - All",Ewing,James Ewing,**James Ewing**,New York,"**Manhattan, New York, USA** (Memorial Hospital which has since become known as Memorial Sloan Kettering Cancer Center)",Amputation,James Ewing,1921,**1921**,New York,40.764094,-73.95684,North America,USA,USA,USA
F,Fanelli catheter,Fanelli catheter,2012 - Fanelli catheter,HPB,"Gallstone Disease,Jaundice",Fanelli,Robert D Fanelli,**Robert D Fanelli**,Massachusetts,"**Pittsfield, Massachusetts, USA**",Cholecystectomy,Robert D Fanelli,2012,**2012**,Pittsfield,42.459655,-73.249344,North America,USA,USA,USA
F,Felty's syndrome,Felty's syndrome,1924 - Felty's syndrome,HPB,Splenomegaly,Felty,Augustus Roi Felty,**Augustus Roi Felty**,Maryland,"**Baltimore, Maryland, USA**",Splenectomy,Augustus Roi Felty,1924,**1924**,Baltimore,39.296251,-76.591805,North America,USA,USA,USA
F,Finney pyloroplasty,Finney pyloroplasty,1902 - Finney pyloroplasty,Oesophagogastric,"Obstruction,Gastric Outlet Obstruction,",Finney,John Miller Turpin Finney,**John Miller Turpin Finney**,Maryland,"**Baltimore, Maryland, USA**",,John Miller Turpin Finney,1902,**1902**,Baltimore,39.328889,-76.620278,North America,USA,USA,USA
F,Finochietto retractor,Finochietto retractor,1936 - Finochietto retractor,"Oesophagogastric,Cardiothoracics",,Finochietto,Enrique Finochietto,**Enrique Finochietto**,Buenos Aires,"**Buenos Aires, Argentina**","Oesophagectomy,Esophagectomy",Enrique Finochietto,1936,**1936**,Buenos Aires,-34.6354,-58.3849,South America,Argentina,Argentina,ARG
F,Fisher's exact test,Fisher's exact test,1934 - Fisher's exact test,Academic,,Fisher,Ronald Fisher,**Ronald Fisher**,London,"**London, England, UK**",,Ronald Fisher,1934,**1934**,London,51.524778,-0.133583,Europe,UK,UK,GBR
F,Fitz-Hugh-Curtis syndrome,Fitz-Hugh-Curtis syndrome,1934 - Fitz-Hugh-Curtis syndrome,"HPB,General Surgery,Emergency Surgery",,Fitz-Hugh-Curtis,Thomas Fitz-Hugh Jr & Arthur Hale Curtis,**Thomas Fitz-Hugh Jr** & **Arthur Hale Curtis**,Pennsylvania,"**Philadelphia, Pennsylvania, USA**",,Thomas Fitz-Hugh Jr,1934,**1934**,Philadelphia,39.94832,-75.19284,North America,USA,USA,USA
F,Fogarty catheter,Fogarty catheter,1961 - Fogarty catheter,Vascular,Thromboembolism,Fogarty,Thomas J Fogarty,**Thomas J Fogarty**,Ohio,"**Cincinnati, Ohio, USA**",Embolectomy,Thomas J Fogarty,1961,**1961**,Cincinnati,39.13763,-84.50201,North America,USA,USA,USA
F,Foley catheter,Foley catheter,1937 - Foley catheter,Urology,,Foley,Frederic Eugene Basil Foley,**Frederic Eugene Basil Foley**,Minnesota,"**St. Paul, Minnesota, USA**","Colectomy,Rectal surgery,Small bowel resection",Frederic Eugene Basil Foley,1937,**1937**,St. Paul,44.956194,-93.094251,North America,USA,USA,USA
F,Forrest classification,Forrest classification,1974 - Forrest classification,"Oesophagogastric,Emergency Surgery",GI Bleeding,Forrest,John AH Forrest,**John AH Forrest**,Edinburgh,"**Edinburgh, Scotland, UK**",Endoscopy,John AH Forrest,1974,**1974**,Edinburgh,55.9447,-3.1951,Europe,UK,UK,GBR
F,Fowler-Weir approach,Fowler-Weir approach,1900 - Fowler-Weir approach,"General Surgery,Emergency Surgery","Appendicitis,Inflammation,Sepsis,Abdominal Pain,",Fowler-Weir,George Ryerson Fowler,**George Ryerson Fowler** & **Robert Fulton Weir**,New York,"**Brooklyn, New York, USA** (Fowler) & **Manhattan, New York, USA** (Weir)",Appendicectomy,George Ryerson Fowler,1900,**1900**,New York,40.6904,-73.9781,North America,USA,USA,USA
F,Fox's sign,Fox's sign,1966 - Fox's sign,"HPB,General Surgery,Emergency Surgery","Acute Pancreatitis,Abdominal Pain,",Fox,John A Fox,**John A Fox**,London,"**London, England, UK** (St Stephen's Hospital, closed & demolished 1989. The new Chelsea and Westminster Hospital opened on this site in 1993)",,John A Fox,1966,**1966**,London,51.48394,-0.18133,Europe,UK,UK,GBR
F,Frantz tumour,Frantz tumour,1959 - Frantz tumour,HPB,Cystic Pancreatic Neoplasm,Frantz,Virginia Kneeland Frantz,**Virginia Kneeland Frantz**,New York,"**Manhattan, New York, USA** (Presbyterian Hospital)",Pancreatic surgery,Virginia Kneeland Frantz,1959,**1959**,New York,40.842159,-73.942823,North America,USA,USA,USA
F,Frey procedure,Frey procedure,1987 - Frey procedure,HPB,Chronic Pancreatitis,Frey,Charles Frederick Frey,**Charles Frederick Frey**,California,"**Sacramento, California, USA**",Pancreatic surgery,Charles Frederick Frey,1987,**1987**,Sacramento,38.555088,-121.456298,North America,USA,USA,USA
G,Gambee suture,Gambee suture,1951 - Gambee suture,"Colorectal,Emergency Surgery,General Surgery,",,Gambee,Louis P Gambee,**Louis P Gambee**,Oregon,"**Portland, Oregan, USA**","Small bowel resection,Colectomy",Louis P Gambee,1951,**1951**,Portland,45.498917,-122.68875,North America,USA,USA,USA
G,Gardner syndrome,Gardner syndrome,1951 - Gardner syndrome,"Colorectal,General Surgery,Endocrine,HPB","Cancer - All,Colorectal Cancer,",Gardner,Eldon J Gardner,**Eldon J Gardner**,Utah,"**Salt Lake City, Utah, USA**","Colectomy,Rectal surgery",Eldon J Gardner,1951,**1951**,Salt Lake City,40.76476,-111.84206,North America,USA,USA,USA
G,Ghillebert probability estimate,Ghillebert probability estimate,1990 - Ghillebert probability estimate,Oesophagogastric,"GORD,GERD,Reflux",Ghillebert,Gilbert Ghillebert,**Gilbert Ghillebert**,Leuven,"**Leuven, Belgium**",Antireflux surgery,Gilbert Ghillebert,1990,**1990**,Leuven,50.87919,4.67631,Europe,Belgium,Belgium,BEL
G,Gigot classification,Gigot classification,1997 - Gigot classification,HPB,Polycystic Liver Disease,Gigot,Jean-François Gigot,**Jean-François Gigot**,Brussels,"**Brussels, Belgium**",Liver surgery,Jean-François Gigot,1997,**1997**,Brussels,50.852056,4.452361,Europe,Belgium,Belgium,BEL
G,Gilbert's sutureless repair,Gilbert's sutureless repair,1992 - Gilbert's sutureless repair,"Hernia,","Hernia,Inguinal Hernia",Gilbert,Arthur I Gilbert,**Arthur I Gilbert**,Florida,"**Miami, Floria, USA**",Inguinal hernia repair - Open,Arthur I Gilbert,1992,**1992**,Miami,25.7025,-80.29454,North America,USA,USA,USA
G,Gilbert's syndrome,Gilbert's syndrome,1901 - Gilbert's syndrome,HPB,Jaundice,Gilbert,Augustin Nicolas Gilbert,**Augustin Nicolas Gilbert**,Paris,"**Paris, France**",,Augustin Nicolas Gilbert,1901,**1901**,Paris,48.854665,2.348808,Europe,France,France,FRA
G,Gleason score,Gleason score,1966 - Gleason score,Urology,"Cancer - All,Prostate Cancer",Gleason,Donald Floyd Gleason,**Donald Floyd Gleason**,Minnesota,"**Minneapolis, Minnesota, USA**",Prostatectomy,Donald Floyd Gleason,1966,**1966**,Minneapolis,44.90174,-93.20522,North America,USA,USA,USA
G,Goodsall rule,Goodsall rule,1900 - Goodsall rule,Colorectal,"Inflammatory Bowel Disease,IBD,Crohn's Disease,Fistula,Inflammation",Goodsall,David Henry Goodsall,**David Henry Goodsall**,London,"**London, England, UK**",Anal surgery,David Henry Goodsall,1900,**1900**,London,51.5759,-0.32011,Europe,UK,UK,GBR
G,Graham patch,Graham patch,1937 - Graham patch,"Emergency Surgery,Oesophagogastric","Peptic Ulcer Disease,Perforation",Graham patch,Roscoe Reid Graham,**Roscoe Reid Graham**,Toronto,"**Toronto, Canada**",Duodenal surgery,Roscoe Reid Graham,1937,**1937**,Toronto,43.6585,-79.3888,North America,Canada,Canada,CAN
G,Grassi (the 'criminal nerve' of),Criminal nerve of Grassi,1977 - Criminal nerve of Grassi,Oesophagogastric,Peptic Ulcer Disease,Grassi,Giuseppe Grassi,**Giuseppe Grassi**,Rome,"**Rome, Italy**",Peptic ulcer surgery,Giuseppe Grassi,1977,**1977**,Rome,41.8856,12.5023,Europe,Italy,Italy,ITA
G,Grey Turner's sign,Grey Turner's sign,1919 - Grey Turner's sign,"HPB,General Surgery,Emergency Surgery",Acute Pancreatitis,Grey Turner,G Grey Turner,**G Grey Turner**,Newcastle upon Tyne,"**Newcastle upon Tyne, England, UK**",,G Grey Turner,1919,**1919**,Newcastle upon Tyne,54.9793,-1.6195,Europe,UK,UK,GBR
G,Guedel airway,Guedel airway,1933 - Guedel airway,Anaesthetics,Airway Obstruction,Guedel,Arthur Ernest Guedel,**Arthur Ernest Guedel**,California,"**Beverly Hills, California, USA**",Anaesthesia,Arthur E Guedel,1933,**1933**,Beverly Hills,34.07158,-118.40873,North America,USA,USA,USA
G,Gurvits syndrome,Gurvits syndrome,2007 - Gurvits syndrome,Oesophagogastric,"Oesophageal Necrosis,Chest Pain,",Gurvits,Grigoriy E Gurvits,**Grigoriy E Gurvits**,New York,"**Manhattan, New York, USA**",Endoscopy,Grigoriy E Gurvits,2007,**2007**,New York,40.73646,-74.00068,North America,USA,USA,USA
G,Gustilo Anderson classification,Gustilo Anderson classification,1976 - Gustilo Anderson classification,"Orthopaedics,Trauma",Fracture,Gustilo Anderson,Ramón B Gustilo & John T Anderson,**Ramón B Gustilo** & **John T Anderson**,Minnesota,"**Minneapolis, Minnesota, USA**",Fracture fixation,Ramón B Gustilo,1976,**1976**,Minneapolis,44.97217,-93.26238,North America,USA,USA,USA
H,Haggitt classification,Haggitt classification,1985 - Haggitt classification,Colorectal,"Colorectal Cancer,",Haggitt,Rodger C Haggitt,**Rodger C Haggitt**,Tennessee,"**Memphis, Tennessee, USA**","Colectomy,Rectal surgery",Rodger C Haggitt,1985,**1985**,Memphis,35.12919,-89.86147,North America,USA,USA,USA
H,Hartmann's operation,Hartmann's operation,1923 - Hartmann's operation,Colorectal,"Stoma,Sepsis,Diverticulitis,Colorectal Cancer,Cancer - All",Hartmann's,Henri A C A Hartmann,**Henri A C A Hartmann**,Paris,"**Paris, France**","Colectomy,Stoma",Henri A C A Hartmann,1923,**1923**,Paris,48.85439,2.3485,Europe,France,France,FRA
H,Hartmann's solution,Hartmann's solution,1932 - Hartmann's solution,Anaesthetics,"Hypovolaemia,Shock",Hartmann's,Alexis F Hartmann,**Alexis F Hartmann**,Missouri,"**St. Louis, Missouri, USA**",,Alexis F Hartmann,1932,**1932**,St. Louis,38.63641,-90.26419,North America,USA,USA,USA
H,Harvey-Bradshaw index,Harvey-Bradshaw index,1980 - Harvey-Bradshaw index,"Colorectal,Academic,","Inflammatory Bowel Disease,IBD,Crohn's Disease,",Harvey-Bradshaw,RF Harvey & JM Bradshaw,**RF Harvey** & **JM Bradshaw**,Bristol,"**Bristol, UK**","Small bowel resection,Colectomy",RF Harvey,1980,**1980**,Bristol,51.459,-2.5963,Europe,UK,UK,GBR
H,Hashimoto's thyroiditis,Hashimoto's thyroiditis,1912 - Hashimoto's thyroiditis,Endocrine,"Inflammation,Thyroiditis",Hashimoto,Hakaru Hashimoto,**Hakaru Hashimoto**,Fukuoka,"**Fukuoka, Japan**",Thyroid / Parathyroid surgery,Hakaru Hashimoto,1912,**1912**,Fukuoka,33.626659,130.425049,Asia,Japan,Japan,JPN
H,Hasson technique,Hasson technique,1970 - Hasson technique,Laparoscopic Surgery,,Hasson,Harrith M Hasson,**Harrith M Hasson**,Illinois,"**Chicago, Illinois, USA**","Cholecystectomy,Appendicectomy,Antireflux surgery",Harrith M Hasson,1970,**1970**,Chicago,41.966432,-87.649356,North America,USA,USA,USA
H,Heller cardiomyotomy,Heller cardiomyotomy,1914 - Heller cardiomyotomy,Oesophagogastric,"Achalasia,Dysphagia",Heller,Ernst Heller,**Ernst Heller**,Leipzig,"**Leipzig, Germany**",Achalasia surgery,Ernst Heller,1914,**1914**,Leipzig,51.3387758,12.3778663,Europe,Germany,Germany,DEU
H,Hickman line,Hickman line,1979 - Hickman line,"General Surgery,Anaesthetics",Cancer - All,Hickman,Robert Othello Hickman,**Robert Othello Hickman**,Washington,"**Seattle, Washington, USA**",,Robert Othello Hickman,1979,**1979**,Seattle,47.62716,-122.33117,North America,USA,USA,USA
H,Hill repair,Hill repair,1967 - Hill repair,Oesophagogastric,"GORD,GERD,Reflux",Hill,Lucius D Hill,**Lucius D Hill**,Seattle,"**Seattle, Washington, USA**",Antireflux surgery,Lucius D Hill,1967,**1967**,Seattle,47.609839,-122.328672,North America,USA,USA,USA
H,Hinchey classification,Hinchey classification,1978 - Hinchey classification,"Colorectal,Emergency Surgery","Abdominal Pain,Sepsis,",Hinchey,Edward John Hinchey,**Edward John Hinchey**,Montreal,"**Montreal, Canada**",Colectomy,Edward John Hinchey,1978,**1978**,Montreal,45.4973,-73.5885,North America,Canada,Canada,CAN
H,"His, angle of",Angle of His,1906 - Angle of His,"Oesophagogastric,Bariatrics",,His,Wilhelm His Jr.,**Wilhelm His Jr.**,Berlin,"**Berlin, Germany**","Oesophagectomy,Esophagectomy,Antireflux surgery,Bariatric surgery,Gastrectomy,Achalasia surgery",Wilhelm His Jr.,1906,**1906**,Berlin,52.5181,13.3935,Europe,Germany,Germany,DEU
H,Hjortsjö's crook,Hjortsjö's crook,1951 - Hjortsjö's crook,HPB,,Hjortsjö,CH Hjortsjö,**CH Hjortsjö**,Lund,"**Lund, Sweden**",Liver surgery,CH Hjortsjö,1951,**1951**,Lund,55.71113,13.20178,Europe,Sweden,Sweden,CHE
H,Howell-Jolly body,Howell-Jolly body,1905 - Howell-Jolly body,,"Asplenia,Anaemia",Howell-Jolly,William Henry Howell & Justin Marie Jolly,**William Henry Howell** & **Justin Marie Jolly**,Paris,"**Paris, France**",Splenectomy,William Henry Howell,1905,**1905**,Paris,48.854665,2.348808,Europe,France,France,FRA
H,Hudson mask,Hudson mask,1956 - Hudson mask,Anaesthetics,"Hypoxia,Respiratory Failure,",Hudson,Charles H Hudson,**Charles H Hudson**,California,"**Los Angeles, California, USA**",Anaesthesia,Charles H Hudson,1956,**1956**,Los Angeles,34.10839,-118.27188,North America,USA,USA,USA
I,Imrie score,Imrie score,1984 - Imrie score,"Emergency Surgery,General Surgery,HPB","Acute Pancreatitis,Abdominal Pain,",Imrie,Clem W Imrie,**Clem W Imrie**,Glasgow,"**Glasgow, Scotland, UK**",,Clem W Imrie,1984,**1984**,Glasgow,55.86468,-4.23359,Europe,UK,UK,GBR
I,Ishikawa classification,Ishikawa classification,1992 - Ishikawa classification,HPB,,Ishikawa,Osamu Ishikawa,**Osamu Ishikawa**,Osaka,"**Osaka, Japan**",Pancreatic surgery,Osamu Ishikawa,1992,**1992**,Osaka,34.64656,135.509,Asia,Japan,Japan,JPN
I,Ivor Lewis oesophagectomy,Ivor Lewis oesophagectomy,1946 - Ivor Lewis oesophagectomy,Oesophagogastric,"Cancer - All,Oesophageal Cancer,Dysphagia","""Ivor Lewis""",Ivor Lewis,**Ivor Lewis**,London,"**London, England, UK**","Oesophagectomy,Esophagectomy,Endoscopy",Ivor Lewis,1946,**1946**,London,51.6128,-0.07379,Europe,UK,UK,GBR
J,Jackson-Pratt drain,Jackson-Pratt drain,1971 - Jackson-Pratt drain,"General Surgery,Neurosurgery",,Jackson-Pratt,Fredrick E Jackson & Richard A Pratt,**Fredrick E Jackson** & **Richard A Pratt**,California,"**Camp Pendleton North, California, USA**",,Fredrick E Jackson,1971,**1971**,Camp Pendleton North,33.34108,-117.32863,North America,USA,USA,USA
J,Jadad scale,Jadad scale,1996 - Jadad scale,Academic,,Jadad,Alejandro R Jadad Bechara,**Alejandro R Jadad Bechara**,Oxford,"**Oxford, England, UK**",,Alejandro R Jadad Bechara,1996,**1996**,Oxford,51.75124,-1.21464,Europe,UK,UK,GBR
J,Jefferson fracture,Jefferson fracture,1919 - Jefferson fracture,"Orthopaedics,Neurosurgery,Trauma","Trauma,Fracture,Spinal Cord Injury,",Jefferson,Geoffrey Jefferson,**Geoffrey Jefferson**,Manchester,"**Manchester, England, UK**",,Geoffrey Jefferson,1919,**1919**,Manchester,53.48352,-2.26453,Europe,UK,UK,GBR
J,Joll's retractor,Joll's retractor,1935 approx. - Joll's retractor,"Endocrine,ENT",,Joll,Cecil Augustus Joll,**Cecil Augustus Joll**,London,"**London, England, UK**","Thyroid / Parathyroid surgery,Thyroidectomy,Parathyroidectomy",Cecil Augustus Joll,1935,**1935** approximately,London,51.553188,-0.165951,Europe,UK,UK,GBR
J,Joll's triangle,Joll's triangle,1938 - Joll's triangle,"Endocrine,ENT",,Joll,Cecil Augustus Joll,**Cecil Augustus Joll**,London,"**London, England, UK**","Thyroid / Parathyroid surgery,",Cecil Augustus Joll,1938,**1938**,London,51.553182,-0.165954,Europe,UK,UK,GBR
K,Kaplan-Meier curve,Kaplan-Meier curve,1958 - Kaplan-Meier curve,Academic,,Kaplan-Meier,Edward Lynn Kaplan and Paul Meier,**Edward Lynn Kaplan** and **Paul Meier**,California,"**Livermore, California, USA (ELK)** and **Chicago, USA (PM)**",,Edward Lynn Kaplan,1958,**1958**,Livermore,37.679827,-121.70557,North America,USA,USA,USA
K,Karnofsky performance scale,Karnofsky performance scale,1948 - Karnofsky performance scale,Academic,Cancer - All,Karnofsky,David A Karnofsky,**David A Karnofsky**,New York,"**Manhattan, New York, USA** (Memorial Hospital which has since become known as Memorial Sloan Kettering Cancer Center)",,David A Karnofsky,1948,**1948**,New York,40.764096,-73.956842,North America,USA,USA,USA
K,Kartagener syndrome,Kartagener syndrome,1933 - Kartagener syndrome,Transplant,Respiratory Failure,Kartagener,Manes Kartagener,**Manes Kartagener**,Zürich,"**Zürich, Switzerland**",,Manes Kartagener,1933,**1933**,Zürich,47.376667,8.549722,Europe,Switzerland,Switzerland,CHE
K,Karydakis procedure,Karydakis procedure,1973 - Karydakis procedure,"Colorectal,General Surgery",Pilonidal Disease,Karydakis,George E Karydakis,**George E Karydakis**,Athens,"**Athens, Greece**",Pilonidal surgery,George E Karydakis,1973,**1973**,Athens,37.97851,23.75373,Europe,Greece,Greece,GRC
K,Kasai procedure,Kasai procedure,1951 - Kasai procedure,HPB,"Biliary Atresia,Jaundice",Kasai,Morio Kasai,**Morio Kasai**,Sendai,"**Sendai, Japan**",,Morio Kasai,1951,**1951**,Sendai,38.25365,140.87441,Asia,Japan,Japan,JPN
K,Kierner classification,Kierner classification,1998 - Kierner classification,"Endocrine,ENT",,Kierner,Antonius C Kierner,**Antonius C Kierner**,Vienna,"**Vienna, Austria**",Thyroid / Parathyroid surgery,Antonius C Kierner,1998,**1998**,Vienna,48.21772,16.35849,Europe,Austria,Austria,AUT
K,Kikuchi classification,Kikuchi classification,1995 - Kikuchi classification,Colorectal,,Kikuchi,R Kikuchi,**R Kikuchi**,Kumamoto,"**Kumamoto, Japan**","Colectomy,Rectal surgery",R Kikuchi,1995,**1995**,Kumamoto,32.80259,130.72475,Asia,Japan,Japan,JPN
K,Killian's triangle,Killian's triangle,1907 - Killian's triangle,"Endocrine,ENT",,Killian,Gustav Killian,**Gustav Killian**,Berlin,"**Berlin, Germany**",Endoscopy,Gustav Killian,1907,**1907**,Berlin,52.5265,13.3766,Europe,Germany,Germany,DEU
K,Klatskin's tumour,Klatskin's tumour,1965 - Klatskin's tumour,HPB,"Cholangiocarcinoma,Cancer - All,Jaundice",Klatskin,Gerald Klatskin,**Gerald Klatskin**,Connecticut,"**New Haven, Connecticut, USA**",Liver surgery,Gerald Klatskin,1965,**1965**,New Haven,41.30342,-72.93353,North America,USA,USA,USA
K,Klein sign,Klein sign,1938 - Klein sign,"Emergency Surgery,General Surgery","Appendicitis,Abdominal Pain,",Klein,William Klein,**William Klein**,New York,"**The Bronx, New York, USA**",Appendicectomy,William Klein,1938,**1938**,New York,40.8362115,-73.9190256,North America,USA,USA,USA
K,Kondoleon operation,Kondoleon operation,1912 - Kondoleon operation,Vascular,"Lymphedema,Lymphoedema",Kondoleon,Emmanuil Kondoleon,**Emmanuil Kondoleon**,Athens,"**Athens, Greece**",Lymphoedema surgery,Emmanuil Kondoleon,1912,**1912**,Athens,37.97974,23.75432,Europe,Greece,Greece,GRC
K,Kudo classification,Kudo classification,1996 - Kudo classification,Colorectal,"Cancer - All,Colorectal Cancer",Kudo,Shin-ei Kudo,**Shin-ei Kudo**,Akita,"**Akita, Japan**","Colectomy,Rectal surgery",Shin-ei Kudo,1996,**1996**,Akita,39.68682,140.15268,Asia,Japan,Japan,JPN
L,Lanz incision,Lanz incision,1908 - Lanz incision,"Emergency Surgery,General Surgery","Appendicitis,Abdominal Pain,",Lanz,Otto Lanz,**Otto Lanz**,Amsterdam,"**Amsterdam, Netherlands**",Appendicectomy,Otto Lanz,1908,**1908**,Amsterdam,52.368,4.894,Europe,Netherlands,Netherlands,NLD
L,Lauren classification,Lauren classification,1965 - Lauren classification,Oesophagogastric,"Gastric Cancer,Cancer - All",Lauren,Pekka A Lauren,**Pekka Lauren**,Turku,"**Turku, Finland**","Gastrectomy,",Pekka Lauren,1965,**1965**,Turku,60.45417,22.29567,Europe,Finland,Finland,FIN
L,Le Fort fractures,Le Fort fractures,1901 - Le Fort fractures,"Trauma,Maxillofacial","Fracture,Head Injury,Trauma",Le Fort,René Le Fort,**René Le Fort**,Lille,"**Lille, France**",,René Le Fort,1901,**1901**,Lille,50.63166,3.07301,Europe,France,France,FRA
L,Leriche's syndrome,Leriche's syndrome,1948 - Leriche's syndrome,Vascular,,Leriche,Henri Marie René Leriche,**Henri Marie René Leriche**,Paris,"**Paris, France**",Aortic surgery,Henri Marie René Leriche,1948,**1948**,Paris,48.849167,2.345556,Europe,France,France,FRA
L,Li-Fraumeni syndrome,Li-Fraumeni syndrome,1969 - Li-Fraumeni syndrome,"Breast,Neurosurgery,Endocrine","Cancer - All,Breast Cancer,Sarcoma,",Li-Fraumeni,Frederick P Li & Joseph F Fraumeni Jr,**Frederick P Li** & **Joseph F Fraumeni Jr**,Maryland,"**Bethesda, Maryland, USA**",,Frederick P Li,1969,**1969**,Bethesda,38.99955,-77.10775,North America,USA,USA,USA
L,Lichtenstein hernia repair,Lichtenstein hernia repair,1989 - Lichtenstein hernia repair,Hernia,"Hernia,Inguinal Hernia",Lichtenstein,Irvin Lichtenstein,**Irvin Lichtenstein**,California,"**Los Angeles, California, USA**",Inguinal hernia repair - Open,Irvin Lichtenstein,1989,**1989**,Los Angeles,34.0522,-118.24377,North America,USA,USA,USA
L,Likert scale,Likert scale,1932 - Likert scale,Academic,,Likert,Rensis Likert,**Rensis Likert**,New York,"**Manhattan, New York, USA**",,Rensis Likert,1932,**1932**,New York,40.72911,-73.99419,North America,USA,USA,USA
L,Lind fundoplication,Lind fundoplication,1965 - Lind fundoplication,Oesophagogastric,"GORD,GERD,Reflux",Lind,JF Lind,**JF Lind**,Winnipeg,"**Winnipeg, Manitoba, Canada**","Antireflux surgery,Fundoplication,",JF Lind,1965,**1965**,Winnipeg,49.8951,-97.1384,North America,Canada,Canada,CAN
L,Lloyd-Davies position,Lloyd-Davies position,1940 approx. - Lloyd-Davies position,Colorectal,,Lloyd-Davies,Oswald Vaughan Lloyd-Davies,**Oswald Vaughan Lloyd-Davies**,London,"**London, England, UK**","Colectomy,Rectal surgery",Oswald Vaughan Lloyd-Davies,1940,**1940**,London,51.5759,-0.32002,Europe,UK,UK,GBR
L,Lund and Browder chart,Lund and Browder chart,1944 - Lund and Browder chart,"Plastics,Trauma","Burns,Trauma",Lund and Browder,Charles C Lund & NC Browder,**Charles C Lund** & **NC Browder**,Massachusetts,"**Boston, Massachusetts, USA**",Burns surgery,Charles C Lund,1944,**1944**,Boston,42.335119,-71.073131,North America,USA,USA,USA
L,Lund's node,Lund's node,1930 - Lund's node,"HPB,General Surgery,Emergency Surgery",Gallstone Disease,Lund,Fred Bates Lund,**Fred Bates Lund**,Massachusetts,"**Boston, Massachusetts, USA**",Cholecystectomy,Fred Bates Lund,1930,**1930**,Boston,42.33441,-71.07411,North America,USA,USA,USA
L,Lynch syndrome,Lynch syndrome,1966 - Lynch syndrome,"Colorectal,General Surgery,Gynaecology,HPB,Urology",Cancer - All,Lynch,Henry T Lynch,**Henry T Lynch**,Omaha,"**Omaha, Nebraska**",Colectomy,Henry T Lynch,1966,**1966**,Omaha,41.24342,-95.9744,North America,USA,USA,USA
M,MacDonald trial,MacDonald trial,2001 - MacDonald trial,Oesophagogastric,"Cancer - All,Oesophageal Cancer,",MacDonald,John S MacDonald,**John S MacDonald**,New York,"**Manhattan, New York, USA** (St Vincent's Comprehensive Cancer Center - closed 2010)","Oesophagectomy,Esophagectomy,Gastrectomy",John S MacDonald,2001,**2001**,New York,40.736416,-73.999588,North America,USA,USA,USA
M,Mackler's triad,Mackler's triad,1952 - Mackler's triad,"Oesophagogastric,Emergency Surgery","Perforation,Chest Pain,Sepsis,",Mackler,Saul Allen Mackler,**Saul Allen Mackler**,Illinois,"**Chicago, Illinois, USA**",,Saul Allen Mackler,1952,**1952**,Chicago,41.84138,-87.61356,North America,USA,USA,USA
M,Mallampati score,Mallampati score,1985 - Mallampati score,Anaesthetics,Airway Obstruction,Mallampati,S. Rao Mallampati,**S. Rao Mallampati**,Massachusetts,"**Boston, Massachusetts, USA**",Anaesthesia,S. Rao Mallampati,1985,**1985**,Boston,42.33444,-71.07287,North America,USA,USA,USA
M,Mallory-Weiss syndrome,Mallory-Weiss syndrome,1929 - Mallory-Weiss syndrome,Oesophagogastric,GI Bleeding,Mallory-Weiss,Kenneth Mallory,**Kenneth Mallory** & **Soma Weiss**,Massachusetts,"**Boston, Massachusetts, USA**",Endoscopy,George Kenneth Mallory,1929,**1929**,Boston,42.33442,-71.07283,North America,USA,USA,USA
M,Mandard tumour regression grade,Mandard tumour regression grade,1994 - Mandard tumour regression grade,Oesophagogastric,"Cancer - All,Oesophageal Cancer,Gastric Cancer,",Mandard,Anne-Marie Mandard,**Anne-Marie Mandard**,Caen,"**Caen, France**","Oesophagectomy,Esophagectomy",Anne-Marie Mandard,1994,**1994**,Caen,49.20387,-0.3541,Europe,France,France,FRA
M,Mann-Whitney U test,Mann-Whitney U test,1947 - Mann-Whitney U test,Academic,,Mann-Whitney,Henry B Mann & Donald R Whitney,**Henry B Mann** & **Donald R Whitney**,Ohio,"**Columbus, Ohio, USA**",,Henry B Mann,1947,**1947**,Columbus,40.0015,-83.01479,North America,USA,USA,USA
M,Marchand grading of caustic strictures,Marchand grading of caustic strictures,1955 - Marchand grading of caustic strictures,Oesophagogastric,"Corrosive Ingestion,Dysphagia,",Marchand,Paul Marchand,**Paul Marchand**,Johannesburg,"**Johannesburg, South Africa**","Oesophagectomy,Esophagectomy",Paul Marchand,1955,**1955**,Johannesburg,-26.18986,28.03199,Africa,South Africa,South Africa,ZAF
M,Markle sign,Markle sign,1973 - Markle sign,"Emergency Surgery,General Surgery","Appendicitis,Inflammation,Sepsis,Abdominal Pain,",Markle,George Bushar Markle IV,**George Bushar Markle IV**,New Mexico,"**Carlsbad, New Mexico**",Appendicectomy,George Bushar Markle IV,1973,**1973**,Carlsbad,32.44171,-104.2578,North America,USA,USA,USA
M,Masson's tumor,Masson's tumor,1923 - Masson's tumor,"General Surgery,Vascular,Plastics,ENT,Orthopaedics",,Masson,M Pierre Masson,**M Pierre Masson**,Strasbourg,"**Strasbourg, France**",,M Pierre Masson,1923,**1923**,Strasbourg,48.580278,7.764444,Europe,France,France,FRA
M,Mattox maneuver,Mattox maneuver,1975 - Mattox maneuver,"General Surgery,Emergency Surgery,HPB,Transplant",Trauma,Mattox,Kenneth L Mattox,**Kenneth L Mattox**,Texas,"**Houston, Texas, USA**","Pancreatic surgery,Duodenal surgery,Adrenalectomy,Abdominal aortic aneurysm repair",Kenneth L Mattox,1975,**1975**,Houston,29.71108,-95.39497,North America,USA,USA,USA
M,"McEvedy, femoral hernia approach",McEvedy's femoral hernia repair,1950 - McEvedy's femoral hernia repair,"Hernia,General Surgery,Emergency Surgery","Hernia,Femoral Hernia",McEvedy,Peter George McEvedy,**Peter George McEvedy**,Manchester,"**Manchester, England, UK** - at Ancoats Hospital which closed in 1989.",Femoral hernia repair - Open,Peter George McEvedy,1950,**1950**,Manchester,53.48229,-2.22084,Europe,UK,UK,GBR
M,McGrath laryngoscope,McGrath laryngoscope,2001 - McGrath laryngoscope,Anaesthetics,Airway Obstruction,McGrath,Matt McGrath,**Matt McGrath**,Edinburgh,"**Edinburgh, Scotland, UK**",Anaesthesia,Matt McGrath,2001,**2001**,Edinburgh,55.95348,-3.19429,Europe,UK,UK,GBR
M,McKeown oesophagectomy,McKeown oesophagectomy,1969 - McKeown oesophagectomy,Oesophagogastric,"Cancer - All,Oesophageal Cancer,",McKeown,K C McKeown,**K C McKeown**,Durham,"**Durham, England, UK**","Oesophagectomy,Esophagectomy,Endoscopy",K C McKeown,1969,**1969**,Durham,54.5305,-1.5643,Europe,UK,UK,GBR
M,McVay hernia repair,McVay hernia repair,1948 - McVay hernia repair,Hernia,"Hernia,Inguinal Hernia,Femoral Hernia",McVay,Chester Bidwell McVay,**Chester Bidwell McVay**,South Dakota,"**Yankton, South Dakota, USA**","Inguinal hernia repair - Open,Femoral hernia repair - Open",Chester Bidwell McVay,1948,**1948**,Yankton,42.87302,-97.40804,North America,USA,USA,USA
M,Merendino jejunal interposition,Merendino jejunal interposition,1958 - Merendino jejunal interposition,Oesophagogastric,,Merendino,K Alvin Merendino,**K Alvin Merendino**,Washington,"**Seattle, Washington, USA**","Oesophagectomy,Esophagectomy,Antireflux surgery",K Alvin Merendino,1958,**1958**,Seattle,47.64929,-122.307,North America,USA,USA,USA
M,Miller cuff,Miller cuff,1984 - Miller cuff,"Vascular,",Peripheral Vascular Disease,Miller,Justin Herbert Miller,**Justin Herbert Miller**,Adelaide,"**Adelaide, South Australia**",Fem-Distal bypass,Justin Herbert Miller,1984,**1984**,Adelaide,-34.90751,138.59419,Oceania,Australia,Australia,AUS
M,Milligan Morgan haemorrhoidectomy,Milligan Morgan haemorrhoidectomy,1937 - Milligan Morgan haemorrhoidectomy,"Colorectal,General Surgery","Haemorrhoids,GI Bleeding,",Milligan Morgan,Edward TC Milligan & CN Morgan,**Edward TC Milligan** & **CN Morgan**,London,"**London, England, UK**",Haemorrhoid surgery,Edward TC Milligan,1937,**1937**,London,51.57594,-0.32011,Europe,UK,UK,GBR
M,Mirizzi's syndrome,Mirizzi's syndrome,1948 - Mirizzi's syndrome,"HPB,General Surgery,Emergency Surgery","Gallstone Disease,Jaundice",Mirizzi,Pablo Luis Mirizzi,**Pablo Luis Mirizzi**,Córdoba,"**Córdoba, Argentina**","Cholecystectomy,Liver surgery",Pablo Luis Mirizzi,1948,**1948**,Córdoba,-31.439673,-64.184648,South America,Argentina,Argentina,ARG
M,Mishra's knot,Mishra's knot,2007 - Mishra's knot,Laparoscopic Surgery,,Mishra,Rajneesh Kumar Mishra,**Rajneesh Kumar Mishra**,Gurgaon,"**Gurgaon, India**",,Rajneesh Kumar Mishra,2007,**2007**,Gurgaon,28.49458,77.09136,Asia,India,India,IND
M,Morrison's pouch,Morrison's pouch,1900 - Morrison's pouch,"HPB,General Surgery,Trauma",Trauma,Morrison's,James Rutherford Morrison,**James Rutherford Morrison**,Newcastle upon Tyne,"**Newcastle upon Tyne, England, UK**",Cholecystectomy,James Rutherford Morrison,1900,**1900**,Newcastle upon Tyne,54.979,-1.6192,Europe,UK,UK,GBR
M,Murphy's sign,Murphy's sign,1912 - Murphy's sign,"HPB,General Surgery,Emergency Surgery","Gallstone Disease,Cholecystitis,Abdominal Pain,",Murphy's,John Benjamin Murphy,**John Benjamin Murphy**,Illinois,"**Chicago, Illinois, USA**",Cholecystectomy,John Benjamin Murphy,1912,**1912**,Chicago,41.846802,-87.621258,North America,USA,USA,USA
N,Nissen fundoplication,Nissen fundoplication,1956 - Nissen fundoplication,Oesophagogastric,"GORD,GERD,Reflux,Dyspepsia",Nissen,Rudolph Nissen,**Rudolph Nissen**,Basel,"**Basel, Switzerland**","Antireflux surgery,Fundoplication,",Rudolph Nissen,1956,**1956**,Basel,47.5585,7.5839,Europe,Switzerland,Switzerland,CHE
O,Oakland bleeding score,Oakland bleeding score,2018 - Oakland bleeding score,"Colorectal,Emergency Surgery","GI Bleeding,Shock,Hypovolaemia,",Oakland,Kathryn Oakland,**Kathryn Oakland**,Oxford,"**Oxford, England, UK**","Colectomy,Stoma",Kathryn Oakland,2018,**2018**,Oxford,51.76398,-1.21878,Europe,UK,UK,GBR
O,Ogilvie syndrome,Ogilvie syndrome,1948 - Ogilvie syndrome,Colorectal,"Obstruction,Abdominal Pain,",Ogilvie,William Heneage Ogilive,**William Heneage Ogilive**,London,"**London, England, UK**",,William Heneage Ogilive,1948,**1948**,London,51.5035,-0.08664,Europe,UK,UK,GBR
O,Olsen-Reddick cholangiography clamp,Olsen-Reddick cholangiography clamp,1990 - Olsen-Reddick cholangiography clamp,HPB,Gallstone Disease,Olsen-Reddick,Douglas O Olsen,**Douglas O Olsen** & **Eddie Joe Reddick**,Tennessee,"**Nashville, Tennessee, USA**",Cholecystectomy,Douglas O Olsen,1990,**1990**,Nashville,36.153745,-86.808967,North America,USA,USA,USA
P,Palmer's point,Palmer's point,1974 - Palmer's point,"Laparoscopic Surgery,Gynaecology",,Palmer,Raoul Palmer,**Raoul Palmer**,Paris,"**Paris, France**","Laparoscopic repair of ventral hernia,Laparoscopic repair of epigastric hernia",Raoul Palmer,1974,**1974**,Paris,48.83433,2.34711,Europe,France,France,FRA
P,Pancoast tumor,Pancoast tumor,1924 - Pancoast tumor,Cardiothoracics,"Lung Cancer,Cancer - All",Pancoast,Henry Khunrath Pancoast,**Henry Khunrath Pancoast**,Pennsylvania,"**Philadelphia, Pennsylvania, USA**",,Henry Khunrath Pancoast,1924,**1924**,Philadelphia,39.95009,-75.19361,North America,USA,USA,USA
P,Pappenheimer bodies,Pappenheimer bodies,1944 - Pappenheimer bodies,,"Asplenia,Anaemia",Pappenheimer,Alwin Max Pappenheimer Jr.,**Alwin Max Pappenheimer Jr.**,New York,"**Manhattan, New York, USA**",Splenectomy,Alwin Max Pappenheimer Jr.,1944,**1944**,New York,40.8075,-73.961944,North America,USA,USA,USA
P,Petelin forceps,Petelin forceps,1992 - Petelin forceps,General Surgery,,Petelin,Joseph B Petelin,**Joseph B Petelin**,Kansas,"**Leawood, Kansas, USA**","Cholecystectomy,Appendicectomy",Joseph B Petelin,1992,**1990s**,Leawood,39.057,-94.6093,North America,USA,USA,USA
P,Petersen's space,Petersen's space,1990 - Petersen's space,Bariatrics,Obesity,Petersen,Walther Petersen,**Walther Petersen**,Heidelberg,"**Heideberg, Germany**","Gastrectomy,Bariatric surgery,Small bowel resection",Walther Petersen,1900,**1900**,Heidelberg,49.402658,8.688856,Europe,Germany,Germany,DEU
P,Pfannenstiel incision,Pfannenstiel incision,1990 - Pfannenstiel incision,Gynaecology,,Pfannenstiel,Hermann Johannes Pfannenstiel,**Hermann Johannes Pfannenstiel**,Wrocław,"**Wrocław, Poland**",Gynaecology,Hermann Johannes Pfannenstiel,1900,**1900**,Wrocław,51.113931,17.034431,Europe,Poland,Poland,POL
P,Polya gastrectomy,Polya gastrectomy,1911 - Polya gastrectomy,Oesophagogastric,"Gastric Cancer,Cancer - All,Peptic Ulcer Disease",Polya,Eugen Pólya,**Eugen Alexander Pólya**,Budapest,"**Budapest, Hungary** (St. Stephen's Hospital - Szent István kórháza)","Gastrectomy,",Eugen Pólya,1911,**1911**,Budapest,47.47795,19.08944,Europe,Hungary,Hungary,HUN
P,Pringle maneouver,Pringle maneouver,1908 - Pringle maneouver,"HPB,Trauma",Trauma,Pringle,James Hogarth Pringle,**James Hogarth Pringle**,Glasgow,"**Glasgow, Scotland, UK**",Liver surgery,James Hogarth Pringle,1908,**1908**,Glasgow,55.8646,-4.2339,Europe,UK,UK,GBR
P,Puestow procedure,Puestow procedure,1958 - Puestow procedure,HPB,,Puestow,Charles B Puestow,**Charles B Puestow**,Illinois,"**Chicago, Illinois, USA**",Pancreatic surgery,Charles B Puestow,1958,**1958**,Chicago,41.8581,-87.8402,North America,USA,USA,USA
R,Ramstedt's pyloromyotomy,Ramstedt's pyloromyotomy,1911 - Ramstedt's pyloromyotomy,"Oesophagogastric,Emergency Surgery,Paediatrics",,Ramstedt,Conrad Ramstedt,**Conrad Ramstedt**,Münster,"**Münster, Germany**",Pyloric surgery,Conrad Ramstedt,1911,**1911**,Münster,51.95931,7.63039,Europe,Germany,Germany,DEU
R,Ranson score,Ranson score,1974 - Ranson score,"HPB,General Surgery,Emergency Surgery",Acute Pancreatitis,Ranson,John H Ranson,**John H Ranson**,New York,"**Manhattan, New York, USA**",,John H Ranson,1974,**1974**,New York,40.911061,-73.833745,North America,USA,USA,USA
R,Reynolds' pentad,Reynolds' pentad,1959 - Reynolds' pentad,"General Surgery,Emergency Surgery,HPB","Sepsis,Inflammation",Reynolds,Benedict M Reynolds,**Benedict M Reynolds**,New York,"**The Bronx, New York, USA**",,Benedict M Reynolds,1959,**1959**,New York,40.856202,-73.8466,North America,USA,USA,USA
R,Rigler's sign,Rigler's sign,1941 - Rigler's sign,"Emergency Surgery,Radiology",Perforation,Rigler,Leo George Rigler,**Leo George Rigler**,Minnesota,"**Minneapolis, Minnesota, USA**","Duodenal surgery,Colectomy",Leo George Rigler,1941,**1941**,Minneapolis,44.97207,-93.23291,North America,USA,USA,USA
R,Rives-Stoppa repair,Rives-Stoppa repair,1966 - Rives-Stoppa repair,Hernia,Hernia,Rives-Stoppa,Jean Rives & Rene Stoppa,"**Jean Rives** (Reims, France - 1965)  & **Rene Stoppa** (Amiens, France - 1966)",Amiens,"**Amiens, France**","Ventral hernia repair,Incisional hernia repair",Jean Rives,1966,**1966**,Amiens,49.87801,2.26806,Europe,France,France,FRA
R,Rockall score,Rockall score,1996 - Rockall score,Oesophagogastric,"GI Bleeding,Shock,Hypovolaemia,",Rockall,Tim A Rockall,**Tim A Rockall**,London,"**London, England, UK**",Endoscopy,Tim A Rockall,1996,**1996**,London,51.51528,-0.1159,Europe,UK,UK,GBR
R,Rockey-Davis incision,Rockey-Davis incision,1906 - Rockey-Davis incision,"Emergency Surgery,General Surgery,Transplant",,Rockey-Davis,Alpha Eugene Rockey,**Alpha Eugene Rockey** & **Gwilym G Davis**,Oregon,"**Portland, Oregan, USA** (Rockey) & **Philadelphia, Pennsylvania, USA** (Davis)",Appendicectomy,Alpha Eugene Rockey,1906,**1906**,Portland,45.4989098,-122.6858606,North America,USA,USA,USA
R,Rokitansky-Aschoff sinuses,Rokitansky-Aschoff sinuses,1905 - Rokitansky-Aschoff sinuses,"HPB,General Surgery",Gallstone Disease,Rokitansky-Aschoff,Karl Freiherr von Rokitansky & Karl Albert Ludwig Aschoff,**Karl Freiherr von Rokitansky** & **Karl Albert Ludwig Aschoff**,Marburg,"**Marburg, Germany**",Cholecystectomy,Karl Freiherr von Rokitansky,1905,**1905**,Marburg,50.810833,8.773611,Europe,Germany,Germany,DEU